full_name,age,jobtitle
"Kimmy Walczynski",32,"Programmer Analyst I"
"Ignatius Springett",39,"Business Analyst"
"Corbie Bittlestone",34,"Solutions Engineer Manager"
"Baxy Matton",41,"Service Tech"
"Terrell Suff",29,"Business Analyst"
"Kacie Offiler",53,"Developer III"
"Sandro Admans",44,"Quality Engineer"
"Eugene Lehrahan",35,"Developer I"
"Wainwright Corfield",27,"Business Systems Development Analyst"
"Dyann Isoldi",43,"Web Developer I"
"Grantley Oret",48,"Service Tech II"
"Elmore Worner",-41,"Business Systems Development Analyst"
"Dud Brain",40,"Business Analyst"
"Aguie Conford",52,"Research Assistant II"
"Katerina Rosborough",56,"Analyst Programmer"
"Alida Longley",51,"Staff Accountant III"
"Laraine Petre",-43,"Software Engineer I"
"Gareth MacCook",37,"Senior Attorney"
"Scottie Chestney",52,"Data Visualization Specialist"
"Christophorus Boseley",40,"Senior Editor"
"Arleyne Froome",24,"Software Consultant"
"Todd Cashen",24,"Financial Analyst"
"Elmo McNee",35,"Service Manager"
"Regen Nafzger",33,"Senior Recruiter"
"Penelope Wenman",29,"Research Assistant II"
"Rudolf Reichardt",44,"Business Analyst"
"Tobiah Fruchon",32,"Service Tech II"
"Fay Monnelly",-42,"Software Engineer I"
"Lola Burrells",50,"Senior Recruiter"
"Hamel Edgeler",50,"HR Manager"
"Shalne Berntssen",44,"Research Assistant II"
"Nefen Russan",27,"Trainer III"
"Woodie Hayhow",29,"Programmer III"
"L;urette Stango",32,"Training Manager"
"Claude Ales0",39,"Pre-Sales Consultant"
"Virginia Teligin",41,"Data Coordiator"
"Starr Yitzhok",25,"Administrative Assistant II"
"Perla Durrand",48,"Relationshiop Manager"
"Mahala McTrustie",49,"Research Assistant II"
"Hobart Bertrand",26,"Research Assistant II"
"Nobe Leathe",30,"Developer III"
"Peta Gosson",48,"Human Resources Analyst"
"Ninnette Batter",31,"Research Assistant II"
"Bibbie Matteoli",26,"Desktop Support Technician"
"Averell Paintain",52,Operator
"Marcel Fowkes",30,"Tax Accountant"
"Artus Cawcutt",54,"Service Tech III"
"Emili Cowl",45,"Senior Developer"
"Edeline Painten",46,"Service Coordinator"
"Meggi Mc Ilory",36,"Senior Trainer"
"Giordano Muckian",39,"Research Assistant I"
"Nickolas Coopey",45,"Support Staff II"
"Corrina Blooman",52,"Service Manager"
"Odey Brough",31,"Systems Administrator I"
"Lenka Astridge",23,"Human Resources Analyst"
"Gunar Dinkin",35,"Content Developer III"
"Gale Dreossi",51,"Internal Auditor"
"Chrysa Brownell",40,"Administrative Officer"
"Britte Royds",44,"Assistant Trainer"
"Bil Wanden",41,"Programmer Analyst I"
"Ronda Dictus",48,"Trainer II"
"Loree Neno",47,Operator
"Teena Tolan",31,Recruiter
"Karine Seage",-42,"Trainer III"
"Diandra Bourget",52,Recruiter
"Dodi Caves",24,"Research Assistant I"
"Hyman Dancey",42,"Support Staff"
"Rourke Dawkins",54,"Business Analyst"
"Northrup Arendt",22,"Research Associate"
"Guntar Arro",26,"Research Assistant II"
"Midge Orpyne",40,"Senior Quality Engineer"
"Isador Crady",-44,"Assistant Trainer"
"Nichol Dionisii",29,"Research Assistant II"
"Dorey Diperaus",45,"Customer Success Manager"
"Lanie Plewes",31,"Help Desk Technician"
"Mahmoud De L'Isle",33,"Accounting Assistant III"
"Carlynne Gouldthorpe",-44,"Staff Accountant I"
"Modesta Lanktree",27,"Senior Developer"
"Tildie Ranvoise",41,"Software Engineer III"
"Tallulah Dowty",41,"Software Engineer I"
"Addie Coldman",21,"Senior Developer"
"Eleanore Pudner",27,"Senior Developer"
"Carlene Goldwater",49,"Business Analyst"
"Amara Jacobs",41,"Solutions Engineer"
"Heall Conville",29,"Administrative Assistant I"
"Jake Dawdry",31,"Software Engineer II"
"Maribelle Bisson",25,"Assistant Trainer"
"Calypso Connold",39,"Business Analyst"
"Tanitansy Fancett",28,"Human Resources Analyst"
"Allyce Giacobazzi",-45,"Media Manager I"
"Filberte Morant",46,"Web Developer I"
"Sergei Glidden",28,"Project Manager"
"Chelsy Clacey",32,"Training Manager"
"Romy Sandever",55,"Research Assistant I"
"Rorie Rice",42,"Data Coordiator"
"Karel Gullen",30,"Relationshiop Manager"
"Marcela Bostock",45,"Automation Specialist I"
"Agretha Brunning",46,"Senior Developer"
"Willdon Pirozzi",26,"Support Staff"
"Paddie Mallebone",56,Recruiter
"Karina Slocum",30,"Service Tech"
"Gun Heathorn",45,"Service Tech III"
"Dario Renshall",53,"Budget/Accounting Analyst III"
"Bartholemy Schutter",48,"Service Tech III"
"Gamaliel McRoberts",45,"Senior Cost Accountant"
"Demetre Chaulk",46,"Account Manager"
"Temple Banasevich",32,"Programmer III"
"Gabie Olivier",47,"Senior Developer"
"Carlen Bruhnke",33,"Data Coordiator"
"Nathaniel Coolahan",25,"Staff Accountant I"
"Sarajane Price",54,"Budget/Accounting Analyst I"
"Hadria Pallasch",36,"Programmer II"
"Bethina Mathissen",58,"Programmer III"
"Joshua Rubinsohn",47,"Service Tech"
"Philippa Garrod",37,"Project Manager"
"Sile Schultheiss",38,"Cost Accountant"
"Conroy Vickars",54,"Business Analyst"
"Roscoe Swindells",44,"Tax Accountant"
"Antonietta Obal",46,"Software Test Engineer III"
"Yettie Swanborough",30,"Solutions Engineer Manager"
"Dannie Thornton-Dewhirst",23,"Staff Accountant IV"
"Nessy Shute",41,"Systems Administrator I"
"Louise Domingues",46,"Senior Quality Engineer"
"Frasquito Frape",51,"Software Engineer III"
"Leonie Bridgeman",26,"Administrative Assistant I"
"Marijn Shotboulte",39,"Senior Cost Accountant"
"Gertrud Jeavon",36,"Research Assistant I"
"Gordie Mariaud",33,"Staff Accountant I"
"Corrinne Very",32,"Research Assistant I"
"Frank Sikorsky",26,"Business Systems Development Analyst"
"Linoel Berrecloth",50,"Data Visualization Specialist"
"Lucias Sworder",27,"Software Test Engineer IV"
"Malvina Mc Grath",22,"Data Visualization Specialist"
"Joanne Jacob",49,"Senior Developer"
"Yves Yurivtsev",33,"Human Resources Analyst"
"Curtice Kidgell",44,"Senior Developer"
"Ruby O'Duilleain",37,"Research Assistant I"
"Joseito Walaron",48,"Service Coordinator"
"Helli Hothersall",34,"Systems Administrator I"
"Aura Steagall",45,"Staff Accountant I"
"Flory Ibbitt",-43,"HR Manager"
"Leontine Rammell",37,"Project Manager"
"Carly Everall",57,"Help Desk Technician"
"Reginald Gosker",44,"Software Engineer I"
"Kimmi Moff",28,"Web Developer I"
"Adina Marcq",33,"Systems Administrator I"
"Enrica Cohalan",30,"Data Coordiator"
"Valera Hannent",31,"Database Administrator I"
"Albrecht Geffinger",44,"Solutions Engineer Manager"
"Orsa Pafford",29,"Human Resources Analyst"
"Pall Snedker",-45,"Desktop Support Technician"
"Eilis Byford",-42,"Software Consultant"
"Maridel Canario",33,"Recruiting Manager"
"Mellie Hariot",40,"Programmer III"
"Stefan Orht",36,"Research Assistant II"
"Bertie La Batie",32,"Service Manager"
"Cammy Bleakman",40,"Staff Accountant I"
"Theodor Perot",34,"Computer Systems Analyst II"
"Lu Larive",24,Recruiter
"Marietta Marieton",28,"Human Resources Analyst II"
"Monte How to preserve",51,"Computer Systems Analyst II"
"Emanuele Scotts",37,"Developer II"
"Kiley Ricci",52,"Trainer II"
"Pavel Corsor",48,"Service Tech II"
"Nikaniki Nurdin",28,"Senior Cost Accountant"
"Siward Phelipeaux",42,"Research Assistant II"
"Kaylee Lambdin",-41,"Research Assistant IV"
"Chrisy Risen",38,"Developer IV"
"Tab Lissemore",23,"Research Assistant II"
"Rem Hassey",28,"Budget/Accounting Analyst II"
"Brianna Dudin",36,"Business Systems Development Analyst"
"Sheppard Klosges",31,"Business Analyst"
"Karlen Duckworth",42,"Human Resources Analyst"
"Raphaela Clowney",52,"Computer Systems Analyst I"
"Idalia Sherborne",55,"Service Tech II"
"Terence MacConnechie",58,"Software Engineer I"
"Shane Ousbie",-42,"Trainer III"
"Cammi Yakebovitch",58,"Quality Control Specialist"
"Tomkin Di Ruggiero",30,"Customer Success Manager"
"Leanor Gemnett",49,"Account Executive"
"Sterling Prue",57,"Senior Recruiter"
"Loydie Platts",53,"Human Resources Analyst"
"Darius Birchenough",-44,Operator
"Jenn Whitecross",51,"Content Developer II"
"Glenna Owbrick",31,"Staff Accountant III"
"Lindy Colliver",31,"Business Analyst"
"Lorianna Mitten",52,"Accounting Assistant I"
"Modesty O'Spellissey",41,"Service Tech III"
"Lorain Kibbe",40,"Accountant II"
"Gabie Lawleff",55,"Senior Trainer"
"Melanie Rylands",52,"Accounting Assistant III"
"Timothea Summergill",40,"Administrative Assistant II"
"Thorn Kidston",56,"Developer III"
"Irvine Shillinglaw",26,"Database Administrator II"
"Lissi Copcote",31,"Chief Design Engineer"
"Brana Gwin",44,"Senior Cost Accountant"
"Mohandis Piecha",28,"Information Systems Manager"
"Caressa Van Leeuwen",47,"Systems Administrator I"
"Garrard Oakenfull",27,"Solutions Engineer Manager"
"Chrissy Zamudio",37,"Service Tech"
"Rosie Denyakin",44,"Software Test Engineer III"
"Margery Darbyshire",34,"Senior Trainer"
"Sybilla Oleszkiewicz",53,"Budget/Accounting Analyst II"
"Chrysler Brekonridge",44,"Systems Administrator I"
"Roselin Warke",33,"Service Tech III"
"Lettie Shute",42,"Web Developer I"
"Alphonse Horsewood",27,"Data Coordiator"
"Sharline Andrzej",50,"Senior Cost Accountant"
"Liesa Melling",26,"Internal Auditor"
"Dale Whitland",23,"Staff Accountant I"
"Mechelle Waggatt",47,"Human Resources Analyst"
"Curr De Biasi",24,"Research Assistant II"
"Audra Burdus",45,"Service Coordinator"
"Merlina Laing",37,"Systems Administrator II"
"Lorianna Hayley",30,"Programmer IV"
"Carina Finan",27,"Software Engineer I"
"Nana Grimme",51,"Project Manager"
"Zora Peller",43,"Accountant III"
"Kelbee Noni",32,"Programmer Analyst I"
"Amandy Lafferty",39,"Media Manager I"
"Kerianne Bault",31,"Research Assistant II"
"Kalle Minchindon",40,"Budget/Accounting Analyst II"
"Adam Tremoille",32,"Human Resources Analyst II"
"Fan Lockley",25,"Community Outreach Specialist"
"Shae Avramow",56,"Human Resources Analyst II"
"Jock Aarons",35,"Software Test Engineer III"
"Dion Sundin",52,"Human Resources Analyst II"
"Tierney Oldknow",54,"Support Staff III"
"Robinson Le Moucheux",41,"Human Resources Analyst II"
"Upton Bowater",51,"Budget/Accounting Analyst II"
"Whitney Garred",38,"Research Assistant II"
"Josephine Marriot",21,"Programmer Analyst II"
"Larine Dreakin",40,"Analyst Programmer"
"Wainwright Osban",36,"Solutions Engineer Manager"
"Orella Brim",23,"Human Resources Analyst"
"Aldus Sturr",47,"Service Coordinator"
"Merv Weiss",41,"Administrative Officer"
"Nissy Reskelly",-42,"Help Desk Technician"
"Jaynell Hunnybun",52,"Quality Control Specialist"
"Ives Phette",35,"Human Resources Manager"
"Moina Gabby",30,"Help Desk Technician"
"Barry Bryns",24,"Developer III"
"Susanna Bushell",25,"Design Engineer"
"Forrester Dadge",47,"Data Visualization Specialist"
"Shanon Fonzone",22,Recruiter
"Elisabet Allchorne",44,"Solutions Engineer"
"Yorgo Pywell",42,"Staff Accountant I"
"Calvin Tudor",38,"Service Coordinator"
"Louise Spottiswoode",31,"Solutions Engineer Manager"
"Gene Renals",55,"Senior Attorney"
"Noni Stuttard",39,"Systems Administrator IV"
"Richmound Aust",30,"Desktop Support Technician"
"Thelma Nanson",51,"Service Tech III"
"Sayer Balcock",31,"Relationshiop Manager"
"Philis Bayne",38,"Human Resources Analyst"
"Maribelle Shankster",27,"Human Resources Analyst"
"Otho Lernihan",55,"Desktop Support Technician"
"Dena Kob",38,"Accounting Assistant I"
"Loreen Bewicke",43,"Data Visualization Specialist"
"Tannie Dillamore",23,"Solutions Engineer Manager"
"Cayla Hubbis",48,"Project Manager"
"Cleavland Dodridge",49,"Senior Developer"
"Leyla Stiell",29,"Support Staff"
"Brier Mansel",32,"Business Development Manager"
"Manon Sive",34,"Developer I"
"Clementine Chatain",53,"Research Associate"
"Xenos Vallerine",51,"Trainer II"
"Roddy Dimanche",52,"Analyst Programmer"
"Munmro Keirl",29,"Service Tech II"
"Wallie Kemet",47,"Staff Accountant I"
"Nell Mepsted",39,"Service Coordinator"
"Montague Snooks",22,"Service Tech"
"Sue Zelake",35,"Human Resources Analyst"
"Allegra Drury",34,"Senior Recruiter"
"Janie Schiefersten",31,"HR Manager"
"Piper Murcutt",27,"Service Tech III"
"Noemi Veljes",53,"Pre-Sales Consultant"
"Hugues Balog",48,"Data Visualization Specialist"
"Ginnifer Worssam",33,"Business Analyst"
"Darelle Beall",37,"Software Consultant"
"Gamaliel Cowsby",48,"Programmer Analyst I"
"Bee Daymond",29,"Cost Accountant"
"Ced Grutchfield",43,"Research Assistant I"
"Aila Seares",49,"Senior Recruiter"
"Yorker Tritton",24,"Systems Administrator I"
"Rubi Simmins",49,"Service Tech II"
"Timi Cunnah",29,"Research Assistant II"
"Hube Simmig",42,"Assistant Manager"
"Nixie Very",53,"Assistant Trainer"
"Shelagh Gilfether",27,Editor
"Augustina Bradnam",40,"Research Assistant"
"Avigdor Date",24,Recruiter
"Shellysheldon Wilks",22,"Research Assistant II"
"Samaria Chalcot",54,"Human Resources Analyst II"
"Editha Shimmings",56,"Data Visualization Specialist"
"Kaylil Horning",37,"Senior Editor"
"Forrester Dowden",57,"Quality Control Specialist"
"Hussein Barff",26,"Cost Accountant"
"Anallise Ingraham",-43,"Data Visualization Specialist"
"Imojean Cleaton",53,"Business Analyst"
"Manny Cleft",-41,"Software Engineer IV"
"Franzen Londors",-43,"Relationshiop Manager"
"Delaney Padell",51,"Budget/Accounting Analyst III"
"Quinlan Rayson",-42,"Human Resources Analyst II"
"Lyda Greaterex",44,"HR Manager"
"Gusella Tavner",29,"Structural Engineer"
"Abagael Wildin",52,"Account Manager"
"Riki Purrier",44,"Research Assistant II"
"Bryn Lomb",28,"Accounting Assistant IV"
"Kizzee Horick",29,"Service Manager"
"Fenelia Ducham",57,"Service Tech II"
"Gerome Lambird",31,"Trainer II"
"Vanda Wildber",36,"Data Coordiator"
"Jeffry Morando",26,"Budget/Accounting Analyst I"
"Jaquenetta Otham",23,"Budget/Accounting Analyst IV"
"Ericka Donwell",42,"Web Developer IV"
"Sam Boyett",33,"Service Tech III"
"Lynea Handman",43,"Software Engineer I"
"Katya Rannald",24,"Research Assistant II"
"Ethelind Bransdon",36,"Staff Accountant II"
"Gertruda Prudham",56,"Research Assistant II"
"Melissa Chazotte",25,"Human Resources Analyst II"
"Nari McGarrell",44,"Developer IV"
"Godfrey Mourge",51,"Software Engineer I"
"Ysabel Evetts",49,"Tax Accountant"
"Marya Gabbotts",38,"Research Associate"
"Luca Caslett",52,"Service Manager"
"Godfrey Rathe",57,"Data Coordiator"
"Ricki Lowde",42,"Business Analyst"
"Valaree Jones",44,"Service Tech II"
"Jocelyn Gothrup",34,"Human Resources Manager"
"Mabelle Lamping",23,"Budget/Accounting Analyst I"
"Brew Borrott",32,"Design Engineer"
"Dalila Stobbs",46,"Data Coordiator"
"Harmonia McGoon",31,"Software Engineer I"
"Linzy Geeves",42,"Senior Developer"
"Nanon Boycott",35,"Cost Accountant"
"Ernest Hitzschke",54,"Software Consultant"
"Lalo O'Hannay",27,"Computer Systems Analyst III"
"Brina Gabbetis",26,"Research Assistant I"
"Rosamond Casetti",43,"Training Manager"
"Goddart Bramford",44,"Tax Accountant"
"Phaedra Kolczynski",33,"Content Developer II"
"Alexina Cumesky",36,"Analog Circuit Design manager"
"Duane Hegley",50,"Trainer I"
"Gwynne Elesander",45,"Analyst Programmer"
"Cherye Braycotton",22,"Data Visualization Specialist"
"Merrielle Scottesmoor",36,"Software Engineer IV"
"Abbey Ethridge",33,"Solutions Engineer Manager"
"Ruprecht Leander",-43,"Business Analyst"
"Clarence Izakovitz",24,"Research Assistant II"
"Shirline Sprake",55,"Project Manager"
"Gay Maasz",54,"Web Developer III"
"Kellen Huffy",32,"Service Tech"
"Winnifred Bartel",50,"Software Engineer III"
"Kile Zannolli",41,"HR Manager"
"Wallie Trumper",54,"Accountant I"
"Udall Beastall",52,"Computer Systems Analyst IV"
"Aksel Sainte Paul",41,"Budget/Accounting Analyst IV"
"Ian Hens",35,"Business Systems Development Analyst"
"Ogden McGeraghty",48,"Project Manager"
"Meghann McNaughton",47,"Senior Developer"
"Neil Spurier",41,"Help Desk Technician"
"Seline Rzehorz",47,"Support Staff"
"Aggy Heinzler",30,"Data Coordiator"
"Jobina Skillings",26,"Software Engineer I"
"Salvatore Woodvine",38,"Human Resources Analyst II"
"Brooke Leijs",28,"VP Marketing"
"Jordan Crust",43,"Service Coordinator"
"Vivi Conerding",50,"Business Analyst"
"Mathias Jindracek",45,"Service Tech III"
"Gisella Iltchev",25,"Tax Accountant"
"Kattie Fransinelli",52,"Trainer III"
"Bran Goater",54,"Software Test Engineer IV"
"Milty Halmkin",52,"Business Systems Development Analyst"
"Timoteo Clavey",36,"Software Test Engineer I"
"Quintina Fatkin",34,"Account Manager"
"Clayborne Tordiffe",30,"Research Assistant I"
"Carlotta Fogel",40,"Assistant Manager"
"Jo ann Deegin",46,"Data Visualization Specialist"
"Colby Tylor",41,"Senior Cost Accountant"
"Brittney Ivison",48,"Service Tech II"
"Adolph Gannaway",55,"Human Resources Analyst"
"Kenyon Bramford",54,"Analyst Programmer"
"Maximilien Hardstaff",37,"Analyst Programmer"
"Madelina McMurtyr",31,"Software Engineer II"
"Aluino Hay",52,"Trainer II"
"Darrick Kimbling",-43,"Software Engineer III"
"Margarete Arnull",33,"Structural Engineer"
"Caitrin Renzo",31,"Budget/Accounting Analyst I"
"Cassie Stawell",30,"Pre-Sales Consultant"
"Gillian Dorrell",24,"Business Systems Development Analyst"
"Harv Fouracres",56,"Help Desk Technician"
"Dyana Ferrarese",54,"Junior Trainer"
"Harley St. Quintin",48,"Programmer Analyst III"
"Lexie Powers",53,"Service Tech III"
"Lacee Gotter",26,"Staff Accountant IV"
"Alic Wilcinskis",33,"HR Manager"
"Lisle Laborde",42,"Accountant II"
"Bil Lancastle",50,"Content Developer III"
"Terrill Denerley",35,"Service Manager"
"Iolande Patchett",-41,"Data Visualization Specialist"
"Saul Mayman",51,"Business Systems Development Analyst"
"Nolly Bayston",30,"Service Tech"
"Michael Girke",56,"Accounting Assistant III"
"Rory Wentworth",44,"Customer Success Manager"
"Carlita Enevold",23,"Accountant IV"
"Sorcha Agget",56,"Staff Accountant I"
"Ara Klimushev",40,"Research Associate"
"Eilis Cinderey",43,"Tax Accountant"
"Winnie Sheldon",27,"Web Developer II"
"Marline Bailiss",21,"Programmer III"
"Maryrose Sinisbury",55,"Web Developer I"
"Walker Antognazzi",31,"Developer III"
"Ermentrude Grogan",35,"Human Resources Assistant IV"
"Micky Chaffey",44,"Developer II"
"Abbott Springham",32,"Staff Accountant I"
"Benedick Wann",40,"Business Systems Development Analyst"
"Kiley McCarry",41,"Training Manager"
"Rodi McBeath",-44,"Service Tech III"
"Trenton Chatband",48,"Programmer II"
"Lovell Nolton",46,"Accounting Assistant I"
"Caryl Dodshun",49,"Trainer II"
"Kali Duffield",44,"Desktop Support Technician"
"Crin Sculpher",23,Paralegal
"Jesselyn Coggin",33,"Budget/Accounting Analyst III"
"Lydon Vynehall",52,"Programmer Analyst I"
"Hunter Learman",23,"Budget/Accounting Analyst III"
"Rich Horsted",38,"Business Systems Development Analyst"
"D'arcy Rushsorth",42,"Support Staff II"
"Eli Quarrell",34,"Product Engineer"
"Brett Trudgian",49,"Systems Administrator III"
"Beatrix Youens",26,"Solutions Engineer Manager"
"Erwin Licciardi",35,"Programmer III"
"Daryle Zanre",45,"Web Developer I"
"Candi Waples",58,"Service Coordinator"
"Dimitry Manske",37,"Senior Quality Engineer"
"Tabby MacRannell",52,"Budget/Accounting Analyst IV"
"Virginie Calverd",-44,"HR Manager"
"Sasha Bassick",45,"Project Manager"
"Sindee Oakeby",56,"Accountant III"
"Tad Armitage",51,"Research Assistant II"
"Regina Faircliff",48,"Service Tech"
"Deeanne Laurand",47,"Staff Accountant III"
"Pierette Ramas",21,"Trainer II"
"Garret McDougle",25,"Account Executive"
"Peta Petkens",44,"Research Assistant I"
"Aubrey Clint",-42,"Relationshiop Manager"
"Malcolm Garbott",34,"Software Engineer IV"
"Tiff Cayzer",47,"HR Manager"
"Blondy Orviss",31,"Research Assistant II"
"Georgy Allitt",44,"Data Visualization Specialist"
"Meghan Baptiste",24,"Senior Quality Engineer"
"Celeste Shynn",29,"Business Analyst"
"Halli McDoual",51,"Human Resources Analyst II"
"Burlie Portriss",33,"Service Manager"
"Sheffield Northey",40,"Staff Accountant II"
"Stormi McIlmorie",50,"Service Manager"
"Melloney Gooley",31,"Human Resources Analyst II"
"Roselin Bohlje",39,"Software Test Engineer IV"
"Mada Chamberlin",46,"Business Analyst"
"Rafe Marven",49,"Desktop Support Technician"
"Ugo Eake",27,"Database Administrator IV"
"Shayne Banford",33,"Account Executive"
"Valerye Whillock",-43,"Human Resources Manager"
"Fraze Charpin",26,"Training Manager"
"Maynord Spiteri",38,"Staff Accountant I"
"Hall Gallon",35,"Senior Financial Analyst"
"Demetrius Repp",49,"Engineer II"
"Rob Tuite",37,"Human Resources Analyst"
"Esta Crosthwaite",38,"Research Assistant IV"
"Barri Seyfart",43,"Web Developer I"
"Jania Beacroft",51,"Staff Accountant I"
"Valina Grindall",34,"Business Analyst"
"Elka Casari",22,"Cost Accountant"
"Benjie Vasechkin",33,"Account Manager"
"Sampson Mobberley",29,"Accounting Assistant II"
"Rollins MacNockater",-41,"Senior Developer"
"Terra Quixley",-44,"Research Assistant II"
"Sergio Covington",49,"Human Resources Analyst II"
"Skye Janusik",51,"Tax Accountant"
"Charlotta Wayne",24,"Quality Control Specialist"
"Kalindi Allan",27,"Software Engineer III"
"Corette Borell",-43,"Solutions Engineer"
"Wayne Bilbee",42,"Programmer Analyst I"
"Gilbertina Deschelle",48,"Research Assistant II"
"Irina Sheather",48,"Accounting Assistant II"
"Enriqueta Preshous",30,"Staff Accountant I"
"Sukey Gathercoal",46,"Trainer I"
"Dunc Stock",32,"Data Visualization Specialist"
"Gearalt Townshend",21,"Programmer Analyst I"
"Vinny Hattam",56,"Account Manager"
"Aube Sivewright",36,"Software Engineer I"
"Nessie Gane",44,"Staff Accountant IV"
"Oralia Siddle",27,"Senior Cost Accountant"
"Ahmed Lerhinan",56,"Service Tech"
"Marley Mordaunt",28,"Research Assistant II"
"Wynn Rean",27,"Tax Accountant"
"Ardene McQuillen",28,"Structural Engineer"
"Freddy Follett",24,"Staff Accountant I"
"Madeleine O'Fallone",36,"Solutions Engineer Manager"
"Kingsley Chansonnau",56,"Programmer Analyst II"
"Chic Cassam",22,"Programmer II"
"Nicolas Berkery",53,"Developer IV"
"Hanson Felton",30,"Research Assistant II"
"Minor Addess",36,"Human Resources Analyst II"
"Guido Reichardt",34,"Programmer III"
"Margarita Wardle",46,"Data Visualization Specialist"
"Juan Nesby",34,"Computer Systems Analyst I"
"Roth Crocken",23,"Help Desk Technician"
"Amby Neilus",42,"Account Executive"
"Carmela McElvogue",57,"Chief Design Engineer"
"Rhodia Kildahl",51,"Research Associate"
"Wainwright Domesday",53,"Human Resources Analyst"
"Ronny Reye",38,"Service Tech II"
"Scot Jaan",38,"Accountant II"
"Calvin Brislawn",53,"Analyst Programmer"
"Abey Cornuau",44,"Administrative Assistant II"
"Gregoire Salsbury",41,"Relationshiop Manager"
"Bruce Kennefick",23,"Project Manager"
"Hermy Langan",46,"Research Assistant II"
"Cloe Wixey",29,"Solutions Engineer Manager"
"Calli Ashlin",24,"Senior Attorney"
"Lorelei Idill",42,"Business Analyst"
"Gardener Aim",55,"Data Coordiator"
"Terra Febry",36,"Administrative Assistant I"
"Annemarie Bettenay",30,"Programmer Analyst III"
"Rachel Elven",31,"Service Tech II"
"Joy Ebbens",32,"Structural Engineer"
"Etan Espinet",23,"Systems Administrator III"
"Trip Fallens",30,"Service Tech II"
"Ruben Lilian",52,"Trainer III"
"Roanna Doohan",34,"Accountant I"
"Alfred Holbarrow",46,"Pre-Sales Consultant"
"Cherida Meaking",23,"Structural Engineer"
"Ingeborg Stainland",27,"Cost Accountant"
"Jodi Charlot",44,"Database Administrator I"
"Rodney Cape",46,"Assistant Trainer"
"Isa Ingry",35,"Quality Engineer"
"Bethanne Teresse",51,"Developer II"
"Grenville Raffon",-44,"Software Engineer IV"
"Guillema Magee",24,"Software Engineer I"
"Danell Evert",27,"Service Tech"
"Abe Inkle",55,"Business Analyst"
"Charisse Doldon",46,"Staff Accountant I"
"Jed Jantet",55,"Desktop Support Technician"
"Yoshi Alben",28,"Software Engineer I"
"Faina Stansell",25,"Tax Accountant"
"Vale Castagnaro",54,"Content Developer III"
"Laverna Battleson",44,"Software Consultant"
"Tull Kingsmill",33,"Database Administrator I"
"Ilyssa Koch",28,"Structural Engineer"
"Tonnie Romand",39,"Support Staff"
"Victoria Picot",27,"Software Engineer I"
"Eugen Pentycost",45,"Business Analyst"
"Bertram Moyers",50,"Database Administrator IV"
"Josias Wrankling",39,"Tax Accountant"
"Dennet Elliker",-44,"Analyst Programmer"
"Jesselyn Vick",55,"Senior Developer"
"Scarlet Muggleton",21,"Systems Administrator I"
"Meredeth Christian",52,"Structural Engineer"
"Chelsy Cowerd",36,"Programmer Analyst III"
"Colet Shinton",38,"Staff Accountant III"
"Dana O' Markey",49,"Human Resources Analyst II"
"Martino Naile",29,"Help Desk Technician"
"Joeann Johanning",46,"Trainer I"
"Ferguson Isham",49,"Desktop Support Technician"
"Bald De la Yglesia",31,"Service Coordinator"
"Correna Josowitz",57,"Trainer II"
"Beauregard Linklater",29,"HR Manager"
"Rafaelia Biaggetti",27,"Data Visualization Specialist"
"Celestina Barlace",50,"Staff Accountant I"
"Thacher Seniour",29,"Account Manager"
"Nissa Sealey",54,"Software Engineer I"
"Aurea Woolward",49,"Account Executive"
"Bob Kleszinski",31,"Trainer II"
"Meta Dennerley",49,"Account Executive"
"Damon Collinson",34,"Senior Developer"
"Ronna Twiggs",24,"Training Manager"
"Blinnie Britto",47,"Compensation Analyst"
"Raleigh Leggan",25,"Information Systems Manager"
"Clemmy Dutch",39,"Service Manager"
"Andreana Mugg",31,"Data Coordiator"
"Leanora Christaeas",45,"Software Engineer III"
"Elizabet Linwood",52,"Research Assistant II"
"Ivor Mowle",51,Operator
"Faydra Slevin",25,"Research Assistant I"
"Blinny Domange",45,"Web Developer II"
"Gibb Belbin",38,"Senior Quality Engineer"
"Trumaine Egdell",43,"Accounting Assistant I"
"Ted Clears",23,"Staff Accountant I"
"Sauncho Bogges",41,"Cost Accountant"
"Diena Rump",43,"Tax Accountant"
"Sharleen Abba",30,"Information Systems Manager"
"Leoine Chinnery",55,"Service Tech II"
"Audrye Rowson",25,"Systems Administrator IV"
"Lenci Swalough",31,"Help Desk Technician"
"Herb Proom",41,"Business Analyst"
"Welsh Manjin",49,"Business Analyst"
"Drusy Mooney",32,"Trainer I"
"Guendolen Neles",43,"Trainer II"
"Bonita Dowe",24,"Research Assistant II"
"Waverly Chastagnier",45,"Senior Cost Accountant"
"Saidee Gracey",32,"Accounting Assistant I"
"Hillel Yakovl",48,"Senior Editor"
"Arluene D' Angelo",44,"Programmer II"
"Gaye Candelin",22,"Senior Recruiter"
"Pooh Redding",54,"Accountant IV"
"Martha Bowhey",22,"Research Assistant II"
"Corty Mirando",55,"Analog Circuit Design manager"
"Madelaine Waterstone",33,"Media Manager I"
"Wye Mallebone",25,"Quality Engineer"
"Jesus Meddick",37,"Data Visualization Specialist"
"Ninon Jacklings",51,"Training Manager"
"Bond Soule",35,"Computer Systems Analyst II"
"Caria Culbard",28,"Business Analyst"
"Abrahan MacAne",52,"Service Tech III"
"Glenda Serfati",21,"Training Manager"
"Lindi Brogan",53,"Accounting Assistant I"
"Conrado Baradel",56,"Solutions Engineer"
"Sabra Sange",47,"Software Engineer I"
"Harris Alekhov",50,"Staff Accountant I"
"Frank Harland",24,"Service Coordinator"
"Darleen Blackaller",47,"Service Tech"
"Keene Iacomelli",41,"Human Resources Analyst II"
"Kariotta Lowth",32,"Research Assistant II"
"Lockwood Bousler",45,"Design Engineer"
"Tod Frankema",-43,"Business Analyst"
"Tobit Peatman",24,"Automation Specialist I"
"Blanch Petty",30,"Database Administrator IV"
"Will Lang",44,"Computer Systems Analyst II"
"Alonso Jaffrey",39,"Desktop Support Technician"
"Agata Bartholat",50,"Account Executive"
"Dolly Thomsen",44,"Project Manager"
"Zoe Upcraft",48,"Pre-Sales Consultant"
"Hyacinth Disley",46,"Data Coordiator"
"Eyde Threadgill",33,"Human Resources Analyst"
"Charlotte Banbrick",36,"Structural Engineer"
"Quill Olivia",38,"Senior Trainer"
"Luciana Kopf",46,"Research Assistant I"
"Lauretta Barkhouse",51,"Business Systems Development Analyst"
"Kristy Addionizio",42,Recruiter
"Ethelind Hightown",31,"Accounting Assistant I"
"Valentia Nuccii",34,"Marketing Manager"
"Zacherie Rubbert",24,"Marketing Assistant"
"Shirleen Vergo",48,"Service Tech"
"Bethany Benediktsson",28,"Senior Cost Accountant"
"Bryce Frary",25,"Software Engineer I"
"Vanessa Hall-Gough",52,"Research Assistant II"
"Kelley Castaner",46,"Data Visualization Specialist"
"Sindee Kike",21,"Media Manager II"
"Bryce Smitherham",42,"Cost Accountant"
"Francis Alleway",49,"Budget/Accounting Analyst II"
"Lyssa Rainton",25,"Media Manager I"
"Tarrah Oleksinski",44,"Data Coordiator"
"Jo-ann Blitzer",53,"Quality Control Specialist"
"Ana Feldstern",39,"Trainer I"
"Evanne Lander",-43,"Staff Accountant I"
"Shepard Codrington",43,"Senior Cost Accountant"
"Nicholas Note",30,"Software Engineer I"
"Peggie Beed",29,"Trainer I"
"Alanson Lavery",32,"Relationshiop Manager"
"Derek Southcoat",49,"Media Manager I"
"Joshia Pechacek",34,"Compensation Analyst"
"Karlan Bissatt",46,"Systems Administrator IV"
"Mickie Kirsche",49,"Service Tech II"
"Kora Apperley",26,"Research Associate"
"Arlyn Favel",32,"Business Analyst"
"Matteo Buckleigh",42,"Data Visualization Specialist"
"Tabbatha Carruth",41,"Accounting Assistant I"
"Pippa Morsey",22,"Internal Auditor"
"Nettle Blogg",31,"Programmer Analyst III"
"Jobey Dickinson",43,"Analog Circuit Design manager"
"Ethelyn Belverstone",41,"Software Test Engineer IV"
"Ware Gillicuddy",55,"Service Tech III"
"Lorenzo Bresner",24,"Programmer II"
"Arthur Gilbanks",22,"Business Systems Development Analyst"
"Cicely Sindle",41,"Trainer I"
"Arte McAster",22,"Senior Developer"
"Terencio Bann",47,"Software Engineer I"
"Delmar Dakhov",51,"Software Consultant"
"Tremain Lyngsted",42,"Programmer I"
"Bria Parlour",22,"Service Tech"
"Danyette Wrate",48,"Research Assistant II"
"Pennie Clyne",49,"Project Manager"
"Price O'Moylane",40,"Desktop Support Technician"
"Nertie Felten",56,"Accounting Assistant III"
"Rutger Iveagh",39,"Structural Engineer"
"Kenn Pond-Jones",25,Attorney
"Farr Le Fevre",51,"Account Executive"
"Pennie Dillow",24,"Human Resources Analyst II"
"Rhiamon Tchir",35,"Project Manager"
"Baird Hambers",22,"Trainer III"
"Mayne Banbrick",-43,"Relationshiop Manager"
"Emmott Beverstock",27,"Human Resources Assistant III"
"Randene Noden",31,"Research Assistant I"
"Andie Jenkyn",31,"Programmer III"
"Carlota Tilson",38,"General Manager"
"Ainslie Tidbury",24,"Software Engineer I"
"Hubie Forman",49,"Product Engineer"
"Finn Guirau",42,"VP Marketing"
"Camille Masterman",42,"Software Consultant"
"Charity Isaksson",29,"Cost Accountant"
"Filippo Loade",25,"Solutions Engineer Manager"
"Claudina Brotheridge",44,"Accountant I"
"Alanson Housecroft",55,"Project Manager"
"Jeremy Purchase",23,"Web Developer IV"
"Fairleigh Oggers",45,"Trainer III"
"Cecil Hannay",40,"Pre-Sales Consultant"
"Richmound Baumber",23,"Quality Control Specialist"
"Sunny Callum",46,"Web Developer I"
"Sharia Riddock",37,"Human Resources Analyst II"
"Kristel Farington",49,"Human Resources Analyst"
"Bevin Coaten",44,"Data Visualization Specialist"
"Iver Dutnall",45,"Structural Engineer"
"Christoph Smieton",36,"Trainer I"
"Gaile Foyle",27,"Account Manager"
"Tully Darey",24,"VP Marketing"
"Dougy Jankovsky",44,"Accountant II"
"Winthrop Vatini",28,"Accountant III"
"Benedicto Morland",42,"Administrative Assistant II"
"Alf Pascow",38,"Customer Success Manager"
"Magnum Smalley",57,"Service Tech"
"Malory Vears",32,"Human Resources Analyst II"
"Juliane Dunthorn",32,"Programmer II"
"Lorine Dellar",51,"VP Accounting"
"Bridget Bunston",46,"Software Test Engineer III"
"Vivia Blackly",40,Attorney
"Lexi Loftin",24,"Data Coordiator"
"Charo Elven",33,"Data Visualization Specialist"
"Emmott Cargenven",27,"Accounting Assistant I"
"Almeria Adney",40,"Data Coordiator"
"Berti Pashby",43,"Cost Accountant"
"Rafa Ryce",54,"Quality Engineer"
"Raynor Fraschini",34,"Trainer III"
"Lisle Pluvier",40,"Trainer III"
"Jeanna Willbraham",26,"Content Developer"
"Filbert Gleave",48,"Data Coordiator"
"Ariel McIlmorie",26,"Web Developer II"
"Diann Northbridge",53,"Accounting Assistant IV"
"Gardie Paff",39,"Human Resources Analyst II"
"Dillon Playfair",50,"Business Systems Development Analyst"
"Glenn Oxtiby",50,"Media Manager I"
"Nikolaus Bromell",-44,"Administrative Assistant"
"Latia Furzer",33,"Human Resources Analyst"
"Gretel Fawssett",53,"Computer Systems Analyst II"
"Alfonso Salliss",34,"Budget/Accounting Analyst III"
"Moe Keigher",27,"Senior Quality Engineer"
"Hatti Collcutt",54,"Accountant III"
"Mathilde Armistead",51,"Service Tech"
"Niki Archell",-42,"Budget/Accounting Analyst III"
"Nettle Lergan",54,"Statistician II"
"Delila Rockcliffe",23,"Human Resources Analyst II"
"Ferguson Priestman",53,Operator
"Katerine Hagergham",52,"Desktop Support Technician"
"Delphine Culbert",30,"Administrative Assistant I"
"Lynne Crallan",24,"Analyst Programmer"
"Melissa Bonnor",28,"Cost Accountant"
"Saloma Loosley",37,"Systems Administrator I"
"Maury Lindemann",40,"Accountant I"
"Herculie Hatliff",36,"Tax Accountant"
"Lizabeth McLice",35,"Research Assistant II"
"Nisse Wight",42,"Software Consultant"
"Rowe Fish",33,"Business Analyst"
"Eliot Chatten",35,"Systems Administrator IV"
"Lombard Meace",30,"Software Test Engineer IV"
"Laurianne Paulin",30,"Systems Administrator I"
"Samara Rew",35,"Database Administrator III"
"Bendix Nunson",-43,"Software Test Engineer II"
"Mano Greatham",22,"Administrative Assistant I"
"Gladi Abbot",49,"Cost Accountant"
"Vonnie Swaddle",36,"Budget/Accounting Analyst IV"
"Mindy Charlon",36,"Software Engineer II"
"Angel Nickols",51,"Accounting Assistant III"
"Prudi Windaybank",33,"Help Desk Operator"
"Mackenzie Drains",40,"Research Assistant I"
"Catherin Wiszniewski",47,"Senior Trainer"
"Cash Daish",53,"Service Coordinator"
"Ertha Gebuhr",27,"Structural Engineer"
"Ramon Rawll",55,"Senior Developer"
"Baillie Kadwallider",53,"Research Associate"
"Shana Forsdyke",32,"Research Assistant I"
"Kessiah Launder",30,"Solutions Engineer Manager"
"Lambert Finker",50,"Web Designer IV"
"Virgilio Goldie",47,"Tax Accountant"
"Mathew Curl",29,"Structural Engineer"
"Godfry Georgiades",32,"Solutions Engineer"
"Tanny MacRonald",40,"Desktop Support Technician"
"Fax Gepheart",31,"Training Manager"
"Nap Odger",-42,"Trainer I"
"Candie Degoy",31,"Junior Trainer"
"Burg Lowne",26,"Tax Accountant"
"Maiga Turnpenny",46,"Software Consultant"
"Natty Larne",31,"Systems Administrator I"
"Rancell Wickmann",46,"Human Resources Analyst II"
"Mattie Meneghelli",35,"Research Assistant II"
"Barbra Brotherton",23,"Accountant III"
"Janelle Cheeke",25,"Human Resources Analyst"
"Sophey Abelson",45,"Structural Engineer"
"Chrystel Longthorne",45,"Research Assistant II"
"Haleigh Le febre",40,"Tax Accountant"
"Somerset De Freitas",-45,"Account Executive"
"Karin Bowra",23,"Research Assistant I"
"Wilmette Sweating",51,"Business Analyst"
"Temple Camblin",27,"Account Executive"
"Dmitri Lyst",35,"Service Manager"
"Dion Ballham",34,"Staff Accountant III"
"Darbie Strangeway",21,"Pre-Sales Consultant"
"Stefa McGlew",54,"Database Administrator II"
"Emery Fields",27,"Staff Accountant III"
"Collen Koschke",37,"Software Consultant"
"Zea Bryceson",33,"Community Outreach Specialist"
"Mira Grabiec",49,"Assistant Trainer"
"Michelle Coiley",25,"Business Analyst"
"Clo Urwin",39,"Research Assistant II"
"Malanie Standell",36,"Research Assistant I"
"Alameda Corben",28,"Account Executive"
"Glory Durrand",55,"Web Developer III"
"Loutitia Lambdean",22,"Research Assistant I"
"Lissi Cone",34,"Budget/Accounting Analyst IV"
"Glennie Maplesden",58,"Data Visualization Specialist"
"Samantha Geldart",29,"Senior Developer"
"Filberto Frichley",-42,"Solutions Engineer Manager"
"Jeniece Kincade",47,"Developer II"
"Ingaberg Sugge",22,"Accounting Assistant III"
"Melisandra Lefwich",34,"Systems Administrator III"
"Brenda Froud",29,"Analyst Programmer"
"Case Rossbrook",23,"Systems Administrator II"
"Noel Coode",47,"Business Systems Development Analyst"
"Duke Sleith",24,"Trainer III"
"Harald Dyott",-45,"Systems Administrator II"
"Philippe Marflitt",37,Recruiter
"Odetta Genner",52,"Senior Cost Accountant"
"Tripp Shillito",-45,"Trainer II"
"Dwight Di Pietro",26,"Programmer III"
"Barb Grewes",45,"Senior Trainer"
"Stefa Churcher",51,"Trainer II"
"Lorilee Barrat",39,"Desktop Support Technician"
"Chris Tuson",36,"Computer Systems Analyst II"
"Bale Oldroyde",27,"Data Coordiator"
"Pavlov Treanor",40,"Desktop Support Technician"
"Bertrand Smithers",41,"Programmer IV"
"Howard Rushbrooke",22,"Trainer III"
"Emalee Regenhardt",33,"Relationshiop Manager"
"Elly Cafe",23,"Staff Accountant I"
"Sandie Bote",37,"Research Associate"
"Madelle Ryles",57,"Cost Accountant"
"Corrie Fasset",47,"Computer Systems Analyst IV"
"Hannie Bulpitt",54,"Data Visualization Specialist"
"Cly Charrier",39,"HR Manager"
"Mendy Doiley",30,"Solutions Engineer"
"Karlotta Inskipp",-44,Recruiter
"Nixie Wheal",33,"Trainer I"
"Carissa Goosey",33,"Programmer Analyst I"
"Allison Trase",41,"Training Manager"
"Elmo Aylmer",22,"Software Engineer I"
"Pepillo Judson",22,"Administrative Assistant"
"Reagan Mellhuish",37,"Account Executive"
"Jocko Kidder",34,"Account Executive"
"Rebekah Jakolevitch",48,"Analyst Programmer"
"Marylynne Gowanlock",40,"Administrative Assistant"
"Breanne Keming",50,"Service Tech"
"Evonne Fenna",40,"Financial Analyst"
"Willow Lytton",53,"Structural Engineer"
"Fayth Danaher",44,"Trainer I"
"Sampson Wandrack",53,"Desktop Support Technician"
"Olav Viccars",32,"Accountant I"
"Juliet Garford",55,"Account Executive"
"Beck Drewery",52,"Desktop Support Technician"
"Berkeley Pagen",37,"Programmer IV"
"Caitrin Robinett",55,"Research Assistant II"
"Kelsy Thecham",48,"Systems Administrator IV"
"Wain Cawley",41,"Account Executive"
"Donal Redit",50,"Accountant IV"
"Bliss Sebire",28,"Relationshiop Manager"
"Camile Canete",57,"Service Tech"
"Jethro Wiggall",25,"Software Test Engineer II"
"Hervey Nellis",35,"Accountant I"
"Caralie Thunderchief",54,"Developer IV"
"Alejoa Knightsbridge",28,"Service Manager"
"Richmond Vicioso",47,"Senior Editor"
"Conway Walford",44,"Human Resources Analyst"
"Jillane Webbe",27,"Account Executive"
"Teddie Davinet",50,"Computer Systems Analyst III"
"Weylin Gerin",29,"Software Engineer II"
"Pearl Meachan",31,"Business Analyst"
"Sandy Beebe",54,"Service Tech"
"Nadia Legerton",44,"Research Assistant II"
"Marline Peinke",22,"Staff Accountant I"
"Sallyanne Benedtti",41,"Service Manager"
"Fallon Yorkston",39,"Senior Trainer"
"Wenonah Idell",32,"Cost Accountant"
"Hugh MacGinlay",44,"Software Consultant"
"Dewain Bennington",29,"Research Assistant II"
"Eudora Camber",28,"Human Resources Analyst"
"Karilynn Terbeck",45,"Structural Analysis Engineer"
"Pancho Cianelli",45,"Content Developer III"
"Matthew Whines",42,"VP Quality Control"
"Reid Riccelli",54,"Accounting Assistant IV"
"Codi Workes",54,"Service Manager"
"Xerxes Stango",40,"Service Tech II"
"Zaneta McKelvey",46,"Structural Engineer"
"Scotti Shropshire",28,"Business Development Manager"
"Dorthea Careswell",48,"Administrative Officer"
"Luz Bus",41,"Service Tech"
"Waylen Conley",33,"Programmer III"
"Daphne de Cullip",44,"Financial Analyst"
"Tomkin Gives",24,"Service Tech III"
"Leora Rippingall",23,"Accountant IV"
"Kimbell Dibner",24,"Solutions Engineer Manager"
"Whitman Little",24,"Service Tech II"
"Celene Killiam",29,"Tax Accountant"
"Moore Tarbet",25,"Service Coordinator"
"Libby Magnus",51,"Internal Auditor"
"Fredericka Bust",26,"Administrative Assistant I"
"Yorker Rainey",48,"Systems Administrator IV"
"Zahara Annakin",48,"Research Assistant III"
"Maynord Burvill",27,"Software Engineer I"
"Lesley Blowers",26,"Human Resources Analyst"
"Kendell Cooksley",51,"Software Engineer III"
"Ellsworth Stickins",51,"Systems Administrator I"
"Karla Braney",40,"Financial Analyst"
"Phyllys Rigbye",24,"Service Tech III"
"Teodoor Pedgrift",21,"Business Systems Development Analyst"
"Cinderella Garforth",55,"Help Desk Technician"
"Natalee Veldstra",54,"Project Manager"
"Karalynn Liptrot",57,"Computer Systems Analyst II"
"Trip Drynan",23,"Pre-Sales Consultant"
"Antonia Hallyburton",22,"Software Test Engineer II"
"Gail Adacot",40,Recruiter
"Stanfield Sandhill",52,"Account Manager"
"Jewell Stigers",36,Operator
"Durand Osmon",22,Recruiter
"Georgy Snailham",53,"Service Coordinator"
"Jonis Twallin",36,"Assistant Trainer"
"Denys Jozwicki",22,"Tax Accountant"
"Cahra Goodfellowe",23,"Research Assistant I"
"Davine Shickle",24,"Software Engineer I"
"Novelia Gregory",33,"Human Resources Analyst II"
"Winn Burgis",32,"Analyst Programmer"
"Adams Schwandermann",26,"Automation Specialist III"
"Arne Olekhov",21,"Senior Developer"
"Gerome Woolsey",55,"Help Desk Operator"
"Abdul Baxster",35,"Service Tech"
"Berky Franek",47,"Human Resources Analyst II"
"Viva Posthill",48,"Software Engineer I"
"Benji Lilburne",53,Editor
"Ciro Byford",-43,"Research Assistant II"
"Kessiah Hubbuck",39,"Accountant IV"
"Emilie Parlott",43,"Software Engineer I"
"Angelica Hutchinson",35,"Research Assistant I"
"Belva Howard",33,"Software Consultant"
"Melitta Sictornes",38,"Senior Developer"
"Gleda Tingcomb",41,"Desktop Support Technician"
"Maryl Di Franceshci",35,"Solutions Engineer"
"Elisha D'Onisi",23,"Financial Analyst"
"Steward Matheson",50,Operator
"Ignacius Axup",53,Recruiter
"Conney Boice",52,"Research Assistant II"
"Dewain Sheryn",30,"Systems Administrator III"
"Tracee Tregoning",25,"Compensation Analyst"
"Kailey Eick",47,"Software Test Engineer II"
"Marthe Cardenoso",23,"Trainer I"
"Murdoch Karran",53,"Senior Quality Engineer"
"Elga Clough",30,Actuary
"Ermin Neachell",40,"Account Executive"
"Ardelis Hartill",30,"Desktop Support Technician"
"Borg Anwell",56,"Research Assistant II"
"Martguerita Joubert",36,"Service Tech"
"Garth Laughton",25,Paralegal
"Maurita Spino",54,"Software Engineer I"
"Archy Midgely",38,"Web Developer II"
"Elmer Aviss",44,"Human Resources Analyst II"
"Nanete Antonomolii",28,"Software Consultant"
"Kordula Enrique",25,"Account Executive"
"Levin Rosenfeld",35,"Programmer IV"
"Zarla Scudamore",27,"Mechanical Systems Engineer"
"Nanci Maevela",53,"Solutions Engineer Manager"
"Rickie Strelitzki",46,"Computer Systems Analyst IV"
"Abigail Kordova",47,"Business Analyst"
"Aldus Hue",44,"Structural Analysis Engineer"
"Ashlen Kleisle",30,"Programmer Analyst III"
"Zandra Semaine",21,"Data Visualization Specialist"
"Kalie Hamsley",53,"Analyst Programmer"
"Mitchael Kilpin",40,"Senior Cost Accountant"
"Erskine Kunkler",22,"Financial Analyst"
"Eloisa Colafate",35,"Programmer Analyst III"
"Fin Brigginshaw",36,"Software Engineer I"
"Barron Zannelli",45,"Recruiting Manager"
"Rosmunda Slack",43,"Pre-Sales Consultant"
"Theresa Imlaw",46,"Systems Administrator I"
"Magda Divina",51,"Web Developer III"
"Sawyer Braunds",52,"Research Assistant I"
"Rafferty Arnoult",25,"Accounting Assistant I"
"Luther Dedenham",46,"Human Resources Analyst II"
"Sadella Colcutt",32,"Content Developer II"
"Allianora Hardage",30,"Senior Recruiter"
"Kelby Rycroft",52,"Senior Attorney"
"Hartwell Bercher",42,"General Manager"
"Kira Gilling",54,"Programmer III"
